,city,temp,humidity,wind,clouds,latitude,longitude
0,batagay-alyta,0.05,58,0.68,0,67.8,130.41
1,sistranda,9.56,87,7.2,0,63.73,8.83
2,mazamari,4.35,94,0.35,99,-11.33,-74.53
3,lima,17.0,88,4.6,90,-12.06,-77.04
4,bredasdorp,8.81,87,2.1,43,-34.53,20.04
5,atuona,26.25,79,9.53,37,-9.8,-139.03
6,punta arenas,8.95,81,2.1,75,-53.16,-70.91
7,kodumudi,25.85,72,3.57,100,11.08,77.89
8,hilo,23.07,66,4.1,90,19.71,-155.08
9,barrow,10.75,87,2.99,0,-38.31,-60.23
10,boyolangu,30.45,46,1.98,70,-8.09,111.9
11,mataura,9.44,78,6.26,58,-46.19,168.86
12,leshan,16.05,93,0.7,100,29.56,103.76
13,dunedin,9.25,71,8.57,46,-45.87,170.5
14,port hardy,12.0,87,4.1,75,50.7,-127.42
15,vaini,22.51,94,0.72,75,15.34,74.49
16,upernavik,3.05,89,3.08,100,72.79,-56.15
17,fortuna,15.84,87,5.1,1,40.6,-124.16
18,yellowknife,6.84,70,5.7,75,62.45,-114.38
19,port hedland,27.0,32,7.7,67,-20.31,118.58
20,lorengau,29.85,64,1.45,90,-2.02,147.27
21,ushuaia,6.0,87,3.1,20,-54.81,-68.31
22,souillac,15.6,93,2.6,100,45.6,-0.6
23,bathsheba,26.0,88,6.7,75,13.22,-59.52
24,goderich,16.54,92,3.58,75,43.74,-81.71
25,lubao,24.25,67,0.87,0,-5.39,25.75
26,new norfolk,13.91,44,7.2,75,-42.78,147.06
27,tilichiki,7.35,90,2.37,100,60.47,166.1
28,east london,9.65,85,2.93,0,-33.02,27.91
29,salvador,26.0,69,4.1,40,-12.98,-38.48
30,rafaela,14.05,55,0.45,0,-31.25,-61.49
31,isangel,27.0,54,4.1,75,-19.55,169.27
32,rikitea,20.85,73,6.41,49,-23.12,-134.97
33,erzin,17.17,68,4.1,0,36.95,36.2
34,alice springs,11.0,87,2.1,90,-23.7,133.88
35,airai,29.75,54,2.7,15,-8.93,125.41
36,mount gambier,13.0,71,5.7,75,-37.83,140.78
37,kununurra,31.0,19,7.2,0,-15.77,128.74
38,cabo san lucas,27.17,78,8.7,5,22.89,-109.91
39,ranipur,24.25,87,3.35,93,25.25,79.06
40,leningradskiy,3.55,82,6.31,100,69.38,178.42
41,calvinia,10.95,39,2.92,0,-31.47,19.78
42,port alfred,13.33,76,1.34,0,-33.59,26.89
43,zaranj,19.0,45,4.1,0,30.95,61.86
44,ponta delgada,20.47,82,0.5,20,37.73,-25.67
45,padang,27.0,83,2.1,40,-0.92,100.36
46,high rock,25.45,77,6.24,0,26.63,-78.28
47,klaksvik,11.0,100,9.3,85,62.23,-6.59
48,iqaluit,1.84,74,3.6,75,63.75,-68.52
49,rio gallegos,11.0,66,3.6,0,-51.62,-69.22
50,albany,18.25,100,4.6,90,42.65,-73.75
51,kapaa,27.13,94,2.1,90,22.08,-159.32
52,ponta do sol,16.25,68,4.63,2,-20.63,-46.0
53,hasaki,27.92,74,2.6,75,35.73,140.83
54,ciudad bolivar,23.05,88,2.26,100,8.12,-63.55
55,puerto ayora,20.0,91,2.24,3,-0.74,-90.35
56,rocha,7.15,93,2.89,0,-34.48,-54.34
57,chokurdakh,0.35,62,1.15,99,70.62,147.9
58,avarua,22.0,73,3.1,99,-21.21,-159.78
59,touros,22.0,94,1.5,75,-5.2,-35.46
60,karlstad,4.38,100,1.5,31,59.38,13.5
61,banda aceh,28.05,74,2.38,0,5.56,95.32
62,kahului,26.74,62,7.2,75,20.89,-156.47
63,nara,23.83,78,2.1,75,34.68,135.8
64,formosa,21.55,58,5.36,27,-15.55,-47.33
65,alofi,24.0,53,7.2,75,-19.06,-169.92
66,ouadda,20.65,92,0.25,100,8.07,22.4
67,japura,27.65,84,1.46,86,-0.42,102.29
68,waipawa,10.0,89,0.89,87,-39.94,176.59
69,sirsilla,25.85,83,0.69,100,18.39,78.81
70,saskylakh,3.65,53,10.06,100,71.97,114.09
71,kavaratti,28.0,83,2.1,40,10.57,72.64
72,ilulissat,3.0,86,1.5,100,69.22,-51.1
73,busselton,23.11,31,6.7,0,-33.64,115.35
74,honiara,30.0,66,5.1,75,-9.43,159.96
75,flinders,19.55,29,4.1,0,-34.58,150.85
76,butaritari,29.65,68,5.1,20,3.07,172.79
77,moratuwa,24.0,94,4.6,75,6.77,79.88
78,lompoc,15.54,93,4.75,90,34.64,-120.46
79,castro,9.0,93,2.1,75,-42.48,-73.76
80,victoria,32.55,49,4.6,75,5.28,115.24
81,sao filipe,27.05,87,8.12,100,14.9,-24.5
82,vardo,21.65,73,4.6,40,39.62,-77.74
83,milan,11.82,100,2.1,59,45.47,9.19
84,lagoa,17.59,77,1.0,0,37.14,-8.45
85,chumikan,7.55,45,4.78,95,54.72,135.31
86,bambous virieux,21.35,68,7.2,75,-20.34,57.76
87,faanui,26.75,79,5.22,40,-16.48,-151.75
88,chuy,10.95,82,4.29,42,-33.69,-53.46
89,bluff,29.65,20,6.95,5,-23.58,149.07
90,severo-kurilsk,9.95,84,9.89,100,50.68,156.12
91,margate,13.91,44,7.2,75,-43.03,147.26
92,bilma,28.25,20,5.31,0,18.69,12.92
93,marawi,29.44,71,2.24,58,8.0,124.29
94,esna,14.0,54,2.1,75,45.2,27.57
95,huarmey,16.15,95,5.26,100,-10.07,-78.15
96,sitka,23.33,74,7.6,1,37.17,-99.65
97,arraial do cabo,18.65,75,6.43,100,-22.97,-42.02
98,cherskiy,1.65,68,1.52,96,68.75,161.3
99,todos santos,27.16,74,5.1,20,23.45,-110.23
100,sao joao da barra,15.75,86,1.77,92,-21.64,-41.05
101,roma,15.48,93,1.0,0,41.89,12.48
102,hermanus,12.54,94,2.24,0,-34.42,19.24
103,ocampo,21.65,76,3.0,63,27.32,-102.4
104,caravelas,22.25,69,9.49,94,-17.73,-39.27
105,torbay,14.36,100,9.8,90,47.66,-52.73
106,sao jose da coroa grande,20.75,95,1.88,38,-8.9,-35.15
107,sorland,9.05,53,2.79,98,67.67,12.69
108,macia,18.75,81,4.5,100,-25.03,33.09
109,aklavik,4.0,100,1.5,90,68.22,-135.01
110,tautira,27.88,69,7.7,40,-17.73,-149.15
111,lianyuan,25.55,38,2.19,97,27.69,111.67
112,sembakung,30.0,70,2.1,75,3.82,117.25
113,dingle,30.15,70,3.08,18,11.0,122.67
114,port elizabeth,24.79,61,2.6,90,39.31,-74.98
115,provideniya,4.0,60,2.0,40,64.42,-173.23
116,norman wells,9.0,61,2.6,75,65.28,-126.83
117,hoquiam,14.6,100,3.1,90,46.98,-123.89
118,vao,5.95,74,2.04,100,59.1,26.19
119,yuci,19.0,52,1.0,0,37.68,112.73
120,terenos,25.0,57,6.7,0,-20.44,-54.87
121,konjic,15.51,100,3.1,75,43.65,17.96
122,hamilton,16.78,82,3.1,75,43.26,-79.87
123,la ronge,13.0,58,6.2,75,55.1,-105.3
124,vacaria,12.22,71,0.45,64,-28.51,-50.94
125,nouakchott,27.0,78,6.2,0,18.08,-15.98
126,morehead,20.12,64,2.6,90,38.18,-83.43
127,thanh hoa,30.0,79,4.6,20,10.21,106.33
128,cape town,15.08,58,7.2,0,-33.93,18.42
129,clyde river,-1.0,86,2.6,75,70.47,-68.59
130,parnamirim,23.91,83,5.7,40,-5.92,-35.27
131,korgen,-1.09,100,2.22,78,66.08,13.83
132,chiradzulu,18.45,55,0.81,0,-15.7,35.18
133,vari,20.02,82,2.1,0,37.83,23.8
134,hithadhoo,27.85,77,6.4,100,-0.6,73.08
135,ilhabela,19.55,77,8.49,70,-23.78,-45.36
136,kieta,24.55,89,1.76,100,-6.22,155.63
137,nikolskoye,2.09,69,4.0,40,59.7,30.79
138,alghero,19.0,72,0.5,0,40.56,8.32
139,charagua,17.85,55,1.03,19,-19.79,-63.2
140,mount isa,31.0,14,4.1,84,-20.73,139.49
141,vanimo,27.65,73,1.8,53,-2.67,141.3
142,palmas bellas,27.5,88,6.29,20,9.23,-80.09
143,thinadhoo,27.45,80,8.26,100,0.53,72.93
144,cheremushskiy,1.55,98,2.0,100,61.27,47.26
145,itarema,25.55,80,5.03,28,-2.92,-39.92
146,hobyo,23.75,77,8.24,0,5.35,48.53
147,port blair,27.25,82,4.69,89,11.67,92.75
148,kutum,24.55,55,3.69,0,14.2,24.66
149,honningsvag,4.75,64,4.74,100,70.98,25.97
150,puerto leguizamo,20.45,97,1.38,76,-0.19,-74.78
151,grindavik,9.41,100,4.6,90,63.84,-22.43
152,anchorage,11.6,50,1.72,75,61.22,-149.89
153,san rafael del sur,26.0,94,1.3,40,11.85,-86.44
154,pangnirtung,-4.55,71,1.57,0,66.15,-65.72
155,mahebourg,21.37,68,7.2,75,-20.41,57.7
156,allapalli,26.75,88,0.98,88,19.43,80.06
157,paamiut,5.25,77,6.36,100,61.99,-49.67
158,hobart,13.63,44,7.2,75,-42.88,147.33
159,inhambane,19.75,87,3.86,100,-23.87,35.38
160,batsfjord,2.0,75,5.1,75,70.63,29.72
161,salalah,26.0,78,3.1,40,17.01,54.1
162,okhotsk,11.35,45,6.93,29,59.36,143.24
163,nanortalik,5.35,76,2.93,98,60.14,-45.24
164,inongo,24.25,80,0.93,36,-1.93,18.29
165,kiama,18.38,29,4.1,0,-34.67,150.86
166,menongue,16.45,50,1.96,83,-14.66,17.68
167,ostrovnoy,2.35,92,9.56,100,68.05,39.51
168,walvis bay,13.59,76,2.1,0,-22.95,14.51
169,pasighat,18.35,98,0.59,100,28.06,95.33
170,bethel,8.0,61,5.7,75,60.79,-161.76
171,beringovskiy,4.45,40,2.8,18,63.05,179.32
172,norton shores,13.82,93,1.83,1,43.17,-86.26
173,belaya gora,1.35,44,0.76,97,68.54,146.19
174,pombas,30.55,34,0.92,93,-15.9,-54.74
175,longyearbyen,2.0,93,4.6,75,78.22,15.63
176,seoul,21.37,77,1.5,1,37.57,126.98
177,ray,16.86,59,5.1,1,48.34,-103.17
178,mecca,24.75,88,0.56,0,21.43,39.83
179,abu samrah,15.25,68,3.27,0,35.3,37.18
180,hunterville,9.75,83,1.34,100,-39.94,175.57
181,ribeira grande,21.05,63,4.18,53,38.52,-28.7
182,maragogi,20.75,95,1.88,38,-9.01,-35.22
183,santa ines,8.66,87,7.7,75,-0.82,-78.63
184,kiruna,-4.0,92,1.5,0,67.86,20.23
185,saint-philippe,18.73,88,4.1,75,45.36,-73.48
186,tiruchchirappalli,26.0,83,3.1,40,10.82,78.68
187,mar del plata,12.65,59,9.42,11,-46.43,-67.52
188,fuzhou,28.0,39,6.0,40,26.08,119.3
189,saint-georges,17.6,97,3.58,100,46.12,-70.67
190,morondava,24.15,68,2.79,0,-20.3,44.28
191,wadi musa,16.25,86,1.95,0,30.32,35.48
192,santa rosa,14.35,27,3.75,0,-36.62,-64.29
193,mandalgovi,21.55,19,4.9,0,45.76,106.27
194,broome,16.07,93,4.6,99,52.47,1.45
195,dikson,2.25,90,8.77,69,73.51,80.55
196,kaspiyskiy,9.85,66,5.72,68,45.39,47.37
197,yar-sale,0.75,97,7.01,100,66.83,70.83
198,okato,10.25,73,5.36,100,-39.19,173.88
199,tezu,19.55,98,1.61,100,27.93,96.16
200,summerside,16.72,100,3.6,90,46.39,-63.79
201,georgetown,23.0,94,2.1,20,6.8,-58.16
202,thompson,20.0,52,11.8,75,55.74,-97.86
203,nizhniy kuranakh,3.55,73,2.96,98,58.84,125.49
204,nome,26.25,88,2.1,1,30.04,-94.42
205,ketchikan,13.0,93,7.7,90,55.34,-131.65
206,tairua,14.07,73,5.36,85,-37.02,175.85
207,mildura,16.63,38,3.6,40,-34.18,142.16
208,syamzha,1.85,93,3.25,100,60.02,41.06
209,camacha,20.57,82,2.6,20,33.08,-16.33
210,shakiso,12.65,92,0.51,99,5.77,38.9
211,tsiroanomandidy,15.05,81,0.37,0,-18.77,46.05
212,kuching,27.54,88,5.1,75,1.56,110.34
213,jamestown,16.05,43,2.15,0,-33.21,138.6
214,kidal,31.35,10,4.4,0,18.44,1.41
215,san juan,10.55,31,1.24,0,-31.54,-68.53
216,acapulco,29.0,79,0.63,75,16.86,-99.88
217,kodiak,18.39,88,3.1,1,39.95,-94.76
218,aljezur,17.55,96,0.45,0,37.31,-8.8
219,mehamn,2.85,74,5.76,99,71.03,27.85
220,pingliang,15.75,42,2.36,2,35.54,106.68
221,sungaipenuh,29.55,61,1.78,87,-2.08,101.38
222,sambava,20.25,84,1.52,100,-14.27,50.17
223,northam,26.0,22,7.2,0,-31.65,116.67
224,valley,10.74,93,1.0,91,47.9,11.78
225,sioux lookout,14.2,82,2.1,5,50.1,-91.92
226,qaanaaq,-5.05,84,0.3,100,77.48,-69.36
227,ixtapa,28.44,74,2.1,90,20.71,-105.21
228,kurilsk,12.35,88,8.12,51,45.23,147.88
229,liverpool,15.19,93,2.1,98,53.41,-2.98
230,romanovka,1.05,91,2.45,0,51.74,42.76
231,nishihara,29.26,66,2.6,75,35.74,139.53
232,santa marta,26.0,94,1.69,75,11.24,-74.21
233,koutiala,25.45,77,2.09,0,12.39,-5.46
234,yumen,21.05,19,4.92,0,40.29,97.04
235,slavyanka,19.95,39,3.43,0,42.86,131.39
236,tevriz,4.45,89,5.0,100,57.51,72.4
237,kloulklubed,30.0,70,5.1,75,7.04,134.26
238,lakes entrance,17.54,43,1.79,54,-37.88,147.99
239,abbotsford,12.03,87,5.1,90,49.05,-122.33
240,naze,23.05,97,1.73,100,5.43,7.07
241,grand-lahou,23.35,95,1.3,100,5.24,-5.0
242,porto belo,15.88,63,4.6,75,-27.15,-48.54
243,ciucsangeorgiu,11.67,73,0.89,100,46.32,25.95
244,turukhansk,4.55,78,9.92,67,65.8,87.96
245,mnogovershinnyy,7.15,64,10.75,97,53.94,139.92
246,ous,1.65,77,3.11,99,60.91,61.52
247,bjornevatn,2.45,82,8.7,98,69.67,29.98
248,sechura,17.05,91,3.06,100,-5.56,-80.82
249,bloemfontein,5.0,65,2.6,0,-29.12,26.22
250,deloraine,14.22,51,7.2,75,-41.53,146.66
251,basco,17.61,82,2.1,1,40.33,-91.2
252,finspang,2.18,100,1.0,64,58.71,15.77
253,komsomolskiy,1.55,96,7.43,100,67.55,63.78
254,onverwacht,25.18,88,1.0,20,5.59,-55.2
255,bandarbeyla,23.85,69,6.43,53,9.49,50.81
256,yaita,25.0,61,5.1,40,36.8,139.92
257,grand gaube,21.29,68,7.2,75,-20.01,57.66
258,uzyn,0.73,71,1.0,0,49.83,30.42
259,aginskoye,18.15,43,0.85,0,51.11,114.54
260,rundu,21.0,16,2.6,0,-17.91,19.77
261,constitucion,20.0,52,1.5,75,23.99,-104.67
262,lebu,13.45,91,0.25,100,8.96,38.73
263,riyadh,24.35,21,1.96,0,24.63,46.72
264,lavrentiya,1.25,55,3.57,0,65.58,-170.99
265,atar,33.45,19,6.02,0,20.52,-13.05
266,awjilah,19.45,68,2.93,0,29.14,21.3
267,wajima,20.0,82,1.5,75,37.4,136.9
268,streletskoye,1.0,74,2.0,0,50.64,36.47
269,tecoanapa,29.0,79,0.85,75,16.99,-99.26
270,molchanovo,11.25,51,8.3,88,57.58,83.76
271,masaki,24.86,64,6.7,75,33.79,132.71
272,westport,23.83,78,3.1,90,41.14,-73.36
273,zhigansk,4.55,59,1.29,0,66.77,123.37
274,carnarvon,7.05,50,5.53,0,-30.97,22.13
275,buin,13.0,66,3.6,0,-33.73,-70.74
276,bandar-e lengeh,31.0,74,3.1,0,26.56,54.88
277,tiksi,2.45,82,0.83,94,71.64,128.87
278,tuatapere,9.44,78,6.26,98,-46.13,167.69
279,havelock,21.92,73,3.1,1,34.88,-76.9
280,basoko,21.35,94,0.8,10,1.23,23.61
281,luanda,22.0,94,2.6,40,-8.83,13.24
282,valentin gomez farias,20.0,52,1.5,75,24.05,-104.7
283,pisco,17.12,88,2.6,90,-13.71,-76.2
284,lamar,22.0,40,3.1,1,38.09,-102.62
285,heidenreichstein,12.14,93,0.45,100,48.87,15.12
286,barreirinhas,22.75,91,1.3,17,-2.75,-42.83
287,avera,20.61,68,1.77,1,33.19,-82.53
288,burriana,18.29,93,0.5,55,39.89,-0.08
289,puerto carreno,24.95,82,1.04,80,6.19,-67.49
290,saldanha,13.75,80,0.94,0,41.42,-6.55
291,talnakh,4.0,69,14.0,40,69.49,88.39
292,quesnel,13.0,82,1.61,75,52.98,-122.49
293,monrovia,25.0,94,3.05,75,6.33,-10.8
294,luderitz,21.0,11,5.7,0,-26.65,15.16
295,geraldton,7.0,93,1.5,5,49.72,-86.95
296,machiques,14.75,96,0.39,100,10.06,-72.55
297,jalu,19.55,50,2.83,0,29.03,21.55
298,carlisle,14.75,93,4.1,100,54.89,-2.94
299,parkes,20.56,25,0.45,0,-33.14,148.18
300,hrodna,2.22,94,2.02,0,53.68,23.83
301,esperance,18.0,55,6.7,100,-33.86,121.89
302,fukue,25.1,73,6.7,75,35.03,136.69
303,havoysund,3.0,86,4.1,75,71.0,24.66
304,teseney,25.75,73,4.19,0,15.11,36.66
305,san,27.85,56,3.18,0,13.3,-4.9
306,takestan,13.0,58,0.67,0,36.07,49.69
307,birin,23.0,94,1.5,75,26.89,88.07
308,byron bay,21.9,46,6.7,40,-28.65,153.62
309,tasiilaq,6.0,87,13.4,100,65.61,-37.64
310,lashio,27.05,54,0.65,43,22.93,97.75
311,kabare,13.15,90,0.4,0,-1.65,29.38
312,chongwe,16.75,37,2.19,0,-15.33,28.68
313,sasovo,0.15,94,3.28,65,54.35,41.93
314,muskogee,24.66,94,2.62,40,35.75,-95.37
315,san carlos de bariloche,10.0,46,2.49,75,-41.13,-71.31
316,strathpeffer,13.0,93,3.1,20,57.59,-4.54
317,san rafael,14.55,28,2.04,0,-34.61,-68.33
318,progreso,13.76,58,3.6,0,-34.68,-56.22
319,mitsamiouli,25.65,76,4.77,0,-11.38,43.28
320,pushkino,1.62,93,4.0,0,56.01,37.85
321,las choapas,25.15,90,2.06,0,17.91,-94.09
322,vrangel,18.75,31,4.88,0,42.73,133.08
323,saint george,16.54,87,0.96,40,39.45,22.34
324,maxixe,19.75,87,3.86,100,-23.86,35.35
325,hailar,15.65,35,2.64,0,49.2,119.7
326,husavik,17.4,49,2.24,36,50.56,-96.99
327,guiyang,17.0,67,1.0,0,26.58,106.71
328,pontes e lacerda,28.55,38,1.39,82,-15.23,-59.33
329,batticaloa,27.25,76,0.85,99,7.71,81.69
330,cayenne,24.0,94,1.83,0,4.94,-52.33
331,missungwi,20.55,71,1.4,22,-2.85,33.08
332,polunochnoye,0.45,76,2.66,99,60.87,60.43
333,kawalu,28.95,48,2.87,56,-7.38,108.21
334,synya,0.15,96,4.78,100,65.37,58.04
335,yinchuan,21.05,23,1.65,0,38.48,106.21
336,esqueda,18.55,87,2.19,61,30.72,-109.59
337,paciran,33.65,35,5.38,13,-6.9,112.33
338,shiyan,23.89,60,3.13,100,32.65,110.78
339,shasta lake,21.78,52,2.1,1,40.68,-122.36
340,zorritos,32.0,33,2.6,90,-3.68,-80.68
341,kruisfontein,9.05,80,3.21,0,-34.0,24.73
342,bud,8.65,100,3.1,0,62.91,6.91
343,kirakira,27.05,81,2.73,100,-10.46,161.92
344,sola,20.05,57,2.4,0,-3.17,33.8
345,uige,21.25,91,0.59,100,-7.61,15.06
346,ko samui,31.0,70,4.6,20,9.54,99.94
347,gushikawa,27.16,65,6.7,20,26.35,127.87
348,maputo,20.0,60,5.7,75,-25.97,32.57
349,aviemore,13.26,93,3.1,20,57.19,-3.83
350,kisaran,30.75,59,2.05,9,2.98,99.62
351,am timan,23.35,94,1.69,100,11.04,20.28
352,avigliano,15.25,94,1.37,3,40.73,15.72
353,manzanillo,30.0,79,5.1,40,19.05,-104.32
354,khatanga,4.85,72,5.1,100,71.98,102.47
355,petatlan,30.0,74,2.1,75,17.52,-101.27
356,san quintin,29.85,66,2.09,0,17.54,120.52
357,asuncion,22.0,49,2.6,0,-25.3,-57.63
358,boca do acre,23.85,80,0.95,0,-8.76,-67.39
359,barcelona,17.78,88,1.5,20,41.38,2.18
360,san jeronimo,9.95,92,1.5,73,-13.65,-73.37
361,ende,25.35,77,1.84,0,-8.84,121.65
362,haines junction,2.55,79,1.53,100,60.75,-137.51
363,tuktoyaktuk,3.0,86,3.6,75,69.44,-133.03
364,hajan,20.05,59,1.42,16,14.68,44.13
365,dalby,26.3,29,4.6,0,-27.18,151.26
366,santa marinella,15.56,82,1.5,0,42.04,11.87
367,fuerte olimpo,25.95,43,0.96,0,-21.04,-57.87
368,mayor pablo lagerenza,24.95,45,0.72,0,-19.93,-60.77
369,whitehorse,9.0,92,4.1,90,60.72,-135.06
370,marquette,11.12,93,1.5,1,46.54,-87.4
371,los llanos de aridane,19.76,78,4.1,90,28.66,-17.92
372,ancud,9.0,93,2.1,75,-41.87,-73.83
373,zhanaozen,12.25,70,2.37,0,43.35,52.85
374,kosh-agach,11.15,54,1.56,0,49.99,88.66
375,ahipara,13.33,100,13.32,67,-35.17,173.16
376,surdulica,13.33,94,0.89,77,42.69,22.17
377,tessalit,30.25,14,5.63,0,20.2,1.01
378,veraval,15.42,87,4.6,0,49.65,0.71
379,phonhong,29.0,62,2.1,0,18.5,102.42
380,mareeba,28.23,48,7.2,96,-16.99,145.42
381,fairbanks,10.73,32,2.1,1,64.84,-147.72
382,uray,1.35,78,4.43,77,60.13,64.8
383,tacuarembo,8.45,90,3.44,0,-31.73,-55.98
384,namibe,19.45,87,0.37,2,-15.19,12.15
385,barentu,22.35,78,1.47,0,15.11,37.59
386,vesoul,9.29,93,3.1,0,47.62,6.16
387,narrabri,20.28,15,3.1,0,-30.33,149.78
388,qasigiannguit,3.0,86,1.5,100,68.82,-51.19
389,eureka,15.83,87,5.1,1,40.8,-124.16
390,conde,19.55,98,1.51,52,-11.81,-37.61
391,slovenj gradec,13.5,87,2.02,100,46.51,15.08
392,ngunguru,13.33,88,8.49,33,-35.62,174.5
393,dzaoudzi,26.0,83,5.7,0,-12.79,45.27
394,balabac,29.25,71,4.95,59,7.99,117.06
395,havre-saint-pierre,11.0,71,2.6,20,50.23,-63.6
396,tazovskiy,2.15,82,13.2,100,67.47,78.7
397,mapiripan,23.25,94,0.83,87,2.89,-72.13
398,novyy urgal,10.15,57,4.61,1,51.07,132.56
399,santa maria,21.47,47,1.0,0,-16.02,-48.01
400,anaconda,12.98,50,4.1,1,46.13,-112.94
401,the valley,26.06,88,5.7,97,18.22,-63.06
402,samarai,26.45,69,3.91,38,-10.62,150.67
403,inverell,22.6,20,0.89,2,-29.78,151.11
404,agua verde,29.61,79,3.1,75,22.89,-105.97
405,hanzhong,19.05,71,0.44,100,33.08,107.03
406,sukhinichi,0.75,78,3.21,87,54.1,35.35
407,markala,26.25,67,3.1,11,13.69,-6.07
408,kavieng,28.45,71,2.91,97,-2.57,150.8
409,saint-joseph,15.15,87,1.5,0,43.56,6.97
410,zhigalovo,14.65,73,3.02,89,54.81,105.15
411,funadhoo,25.25,95,11.38,100,6.15,73.27
412,rincon,12.78,87,1.79,100,8.46,-82.28
413,wamba,19.65,97,0.99,99,2.14,27.99
414,pavlovka,1.75,84,4.88,85,52.69,47.13
415,gamba,3.35,62,1.04,100,28.28,88.52
416,lethem,26.15,77,1.42,97,3.38,-59.8
417,soyo,24.55,84,3.97,97,-6.13,12.37
418,kajiado,15.0,87,0.5,40,-1.85,36.79
419,aksu,12.0,46,8.0,0,52.04,76.93
420,pevek,1.75,77,6.08,100,69.7,170.27
421,bourail,22.05,59,1.72,85,-21.57,165.5
422,huilong,22.25,71,3.48,100,31.15,106.5
423,coihaique,10.0,76,3.1,90,-45.58,-72.07
424,escanaba,11.29,93,0.38,75,45.75,-87.06
425,pacocha,23.0,78,4.6,40,-1.05,-80.87
426,cidreira,14.75,72,5.94,100,-30.17,-50.22
427,flin flon,11.15,64,3.72,71,54.77,-101.88
428,chiang rai,26.33,69,4.6,0,19.9,99.84
429,amapa,28.0,83,2.6,75,15.09,-87.97
430,lingyuan,22.25,22,6.36,0,41.24,119.4
431,palmer,14.55,67,5.1,20,-34.85,139.16
432,dobryanka,0.0,90,3.0,90,58.45,56.42
433,nevyansk,-0.55,89,3.58,99,57.49,60.21
434,nouadhibou,23.0,73,7.7,0,20.93,-17.03
435,zlatna,12.16,76,1.0,75,46.11,23.22
436,bridgend,16.61,93,4.1,89,51.51,-3.58
437,patiya,26.0,94,4.93,75,22.3,91.98
438,ust-kuyga,1.55,96,1.19,100,70.0,135.55
439,taoudenni,31.35,12,1.66,0,22.68,-3.98
440,butembo,15.95,92,1.3,0,0.12,29.29
441,puerto baquerizo moreno,19.45,90,4.12,4,-0.9,-89.6
442,gerash,24.0,57,0.98,0,27.67,54.14
443,xinqing,11.35,43,6.72,0,48.28,129.53
444,novyy svit,6.35,47,3.03,17,47.81,38.02
445,siteki,12.0,27,1.36,100,-26.45,31.95
446,namwala,16.75,32,2.23,13,-15.75,26.45
447,stromness,16.52,82,3.1,75,42.87,-79.55
448,pacific grove,19.56,53,2.69,1,36.62,-121.92
449,akureyri,6.0,93,1.5,0,65.68,-18.09
450,srandakan,24.05,89,9.15,7,-7.94,110.25
451,narsaq,5.0,75,3.1,99,60.91,-46.05
452,guerrero negro,21.65,79,6.12,0,27.97,-114.04
453,ames,18.69,88,2.1,1,42.03,-93.62
454,lucapa,21.75,73,1.4,8,-8.42,20.74
455,bangsund,5.65,74,7.15,0,64.4,11.39
456,lishu,19.85,43,4.76,0,43.31,124.32
457,kimberley,5.05,66,6.07,0,-28.74,24.76
458,ericeira,17.78,93,1.0,20,38.96,-9.42
459,ibotirama,22.25,59,2.98,10,-12.18,-43.22
460,deputatskiy,1.25,79,1.37,100,69.3,139.9
461,leh,5.05,12,1.56,0,34.16,77.58
462,buala,27.25,78,3.65,93,-8.15,159.59
463,derzhavinsk,5.45,71,8.43,0,51.1,66.31
464,vila do maio,26.25,87,3.72,100,15.13,-23.22
465,beruwala,26.15,87,8.22,100,6.48,79.98
466,la fleche,15.44,93,4.1,75,47.7,-0.08
467,vila franca do campo,20.41,82,0.5,20,37.72,-25.43
468,champerico,23.0,94,3.1,90,16.38,-93.6
469,charters towers,29.05,27,6.84,100,-20.07,146.27
470,olinda,13.68,54,5.1,40,-37.84,145.39
471,san gabriel,20.44,49,5.1,1,34.1,-118.11
472,istok,2.46,77,0.45,6,52.66,23.48
473,ariquemes,24.35,80,0.87,66,-9.91,-63.03
474,pochutla,25.38,88,1.15,75,15.74,-96.47
475,vernon,13.0,87,1.0,90,50.27,-119.27
476,clarksville,21.62,64,3.1,90,36.53,-87.36
477,saint-louis,27.45,85,6.14,91,16.03,-16.5
478,pimentel,23.85,86,2.08,0,-3.7,-45.5
479,bilibino,-2.65,61,2.41,41,68.06,166.44
480,kaitangata,9.44,65,4.92,85,-46.28,169.85
481,aquiraz,26.0,78,6.7,75,-3.9,-38.39
482,altay,18.85,33,1.74,67,47.83,88.13
483,rosiori,14.0,54,2.1,75,44.8,27.38
484,maralal,16.85,74,3.8,0,1.1,36.7
485,krasnovishersk,-2.35,93,1.91,74,60.4,57.08
486,daru,26.55,68,4.71,81,-9.07,143.21
487,llandrindod wells,15.38,98,1.87,100,52.24,-3.38
488,bubaque,27.55,71,1.4,100,11.28,-15.83
489,umm kaddadah,26.95,60,4.05,64,13.6,26.69
490,korem,12.45,68,0.45,2,12.51,39.52
491,luoyang,26.75,31,2.54,0,34.66,112.42
492,talpa,28.65,84,0.89,0,28.83,-111.63
493,toora-khem,16.55,61,0.99,62,52.47,96.11
494,tucumcari,20.19,53,5.7,1,35.17,-103.73
495,homer,10.3,76,1.5,1,59.64,-151.54
496,mocuba,21.05,77,1.73,80,-16.84,36.99
497,tinqueux,14.19,72,2.6,0,49.25,3.99
498,trincomalee,24.25,92,3.21,100,8.58,81.23
499,cururupu,21.85,98,1.11,1,-1.82,-44.87
500,trelleborg,12.25,93,3.1,90,55.38,13.15
501,atambua,26.25,77,5.18,0,-9.11,124.89
502,carahue,8.0,100,2.1,0,-38.71,-73.16
503,zhezkazgan,6.0,56,5.0,27,47.8,67.71
504,ovsyanka,10.05,41,4.83,0,53.58,126.91
505,cody,16.92,65,5.7,1,44.53,-109.06
506,pavlodar,12.0,46,8.0,0,52.28,76.96
507,agdas,10.0,81,0.93,29,40.65,47.48
508,hanna,12.15,61,3.36,95,51.64,-111.93
509,salym,1.15,88,5.22,100,60.06,71.48
510,llangefni,16.16,93,4.6,100,53.26,-4.31
511,imeni poliny osipenko,11.35,43,5.54,91,52.42,136.49
512,manzhouli,16.85,38,4.61,0,49.6,117.43
513,magan,29.0,83,1.0,0,24.42,56.58
514,tias,22.0,78,4.6,11,28.96,-13.65
515,macas,6.85,94,1.45,85,-2.3,-78.12
516,voznesenka,4.75,53,2.78,0,48.06,37.26
517,moron,27.45,81,3.64,88,18.56,-74.26
518,north myrtle beach,22.31,83,2.1,1,33.83,-78.68
519,paris,15.09,77,5.1,0,48.86,2.35
520,brae,12.57,100,8.7,100,60.4,-1.35
521,shirokiy,-0.57,83,0.45,36,53.87,39.17
522,sol-iletsk,2.35,85,4.05,0,51.16,55.0
523,katsuura,23.91,69,2.6,75,33.93,134.5
524,yatou,26.0,94,1.0,75,3.63,9.81
525,kalispell,14.1,51,5.1,90,48.2,-114.32
526,bulawayo,16.65,79,6.34,100,-20.16,28.59
527,stolniceni-prajescu,10.08,93,3.6,0,47.2,26.75
528,floro,8.02,100,2.1,0,61.6,5.03
529,entre rios,18.75,98,1.83,59,-11.94,-38.08
530,vadso,2.54,96,5.1,75,70.07,29.75
531,yasnyy,2.25,97,4.39,100,64.04,44.09
532,dosso,27.45,59,2.98,97,13.05,3.19
533,zhovkva,5.0,93,2.0,0,50.06,23.97
534,makakilo city,27.0,94,3.88,90,21.35,-158.09
535,harper,26.62,51,5.5,1,30.3,-99.24
536,tabou,23.15,97,1.58,90,4.42,-7.36
537,meulaboh,26.95,81,2.31,12,4.14,96.13
538,toucheng,25.28,73,5.7,75,24.86,121.82
539,karratha,28.65,24,9.34,0,-20.74,116.85
540,san patricio,15.65,77,2.91,59,-26.98,-56.83
541,gatehouse of fleet,15.0,95,4.47,100,54.88,-4.18
542,mogadishu,23.85,86,4.31,0,2.04,45.34
543,moindou,27.0,44,6.2,75,-21.69,165.68
544,henties bay,13.89,87,2.24,0,-22.12,14.28
545,belfort,9.86,93,3.1,0,47.64,6.86
546,ahmadnagar,24.45,80,3.68,100,19.09,74.75
547,mattru,22.45,97,0.37,90,7.62,-11.83
548,sabla,27.65,61,2.93,51,12.75,4.71
549,antoniny,8.25,48,3.94,100,49.81,26.86
550,moerai,20.95,90,9.91,100,-22.43,-151.33
551,mackay,8.0,93,1.0,90,53.65,-115.58
552,catuday,28.35,73,2.63,0,16.29,119.81
553,hay river,9.0,70,5.1,40,60.82,-115.79
554,rehoboth,6.15,24,2.44,0,-23.31,17.08
555,egvekinot,-1.15,75,3.17,100,66.32,-179.17
556,port-cartier,9.0,81,2.1,40,50.03,-66.88
557,muravlenko,0.95,86,4.82,100,63.79,74.5
558,roald,9.1,93,1.5,0,62.58,6.12
559,saint-francois,7.54,100,1.5,0,46.42,3.91
560,amga,2.75,82,4.29,93,60.89,131.98
561,ahmadpur east,34.15,33,3.83,0,29.14,71.26
562,nata,18.55,79,6.33,0,-20.21,26.19
563,sarankhola,29.35,78,4.24,96,22.31,89.79
564,bundibugyo,10.85,84,2.33,0,0.71,30.06
565,costinesti,17.01,87,2.6,100,43.95,28.63
566,bacolod,30.35,67,1.77,0,10.68,122.95
567,uglegorsk,10.25,84,9.48,96,49.08,142.06
